{
  "x": 3705.333333333339,
  "y": 1409.3333333333287
}