{
  "x": 606.6666666666634,
  "y": 373.333333333333
}