{
  "x": 2392.0000000000355,
  "y": 942.6666666666578
}