{
  "x": 4031.999999999998,
  "y": 1889.3333333333337
}