{
  "x": 2579.999999999994,
  "y": 639.9999999999993
}