{
  "x": 2765.3333333333603,
  "y": 162.66666666665947
}