{
  "x": 2272.000000000038,
  "y": 535.9999999999939
}