{
  "x": 2086.666666666672,
  "y": 986.666666666664
}