{
  "x": 3965.333333333333,
  "y": 1882.666666666667
}