{
  "x": 2154.6666666667097,
  "y": 957.3333333333284
}