{
  "x": 3932.0000000000005,
  "y": 1929.3333333333344
}