{
  "x": 3826.6666666666324,
  "y": 2113.3333333333408
}