{
  "x": 4105.33333333333,
  "y": 1269.3333333333267
}