{
  "x": 2378.6666666667024,
  "y": 475.99999999999375
}