{
  "x": 3313.3333333333107,
  "y": 773.3333333333319
}