{
  "x": 3938.666666666667,
  "y": 1922.6666666666674
}