{
  "x": 3991.999999999999,
  "y": 1442.666666666662
}