{
  "x": 2312.0000000000373,
  "y": 535.9999999999934
}