{
  "x": 513.3333333333298,
  "y": 306.6666666666662
}